retailer,product_title,brand,size_text,current_price,regular_price,percent_off,promo_text,product_url,image_url,scraped_at
petsmart,"Authority® Everyday Health Adult Cat Wet Food - 5.5 Oz, Flaked in Gravy",Authority,5.5 Oz,2.99,,,,https://www.petsmart.ca/cat/food-and-treats/wet-food/authority-everyday-health-adult-cat-wet-food---55-oz-flaked-in-gravy-51010.html,,2026-05-27T07:26:40.530Z
petsmart,"Natural Balance Limited Ingredient Diets Cat Food - Grain Free, Chicken & Green Pea",Natural,,3.29,,,,https://www.petsmart.ca/cat/food-and-treats/wet-food/natural-balance-limited-ingredient-diets-cat-food---grain-free-chicken-and-green-pea-30327.html,,2026-05-27T07:26:43.833Z
quiverquant,"ABALLIANCEBERNSTEIN HOLDING L.P. UNITSAsset-Backed Securities - Sale - Jan 23, 2026",ABALLIANCEBERNSTEIN HOLDING L.P. UNITSAsset-Backed Securities,,0.00,0.00,0,Sale,https://www.quiverquant.com/congresstrading/politician/Nancy%20Pelosi-P000197,,2026-05-27T07:26:47.954Z
quiverquant,"AMZNAMAZON.COM, INC. - COMMON STOCKStock - Sale - Jan 23, 2026","AMZNAMAZON.COM, INC. - COMMON STOCKStock",,0.00,0.00,0,Sale,https://www.quiverquant.com/congresstrading/politician/Nancy%20Pelosi-P000197,,2026-05-27T07:26:47.969Z
quiverquant,"GOOGLALPHABET INC. - CLASS A COMMON STOCKStock - Sale - Jan 23, 2026",GOOGLALPHABET INC. - CLASS A COMMON STOCKStock,,0.00,0.00,0,Sale,https://www.quiverquant.com/congresstrading/politician/Nancy%20Pelosi-P000197,,2026-05-27T07:26:47.985Z
quiverquant,"NVDANVIDIA CORPORATION - COMMON STOCKStock - Sale - Jan 23, 2026",NVDANVIDIA CORPORATION - COMMON STOCKStock,,0.00,0.00,0,Sale,https://www.quiverquant.com/congresstrading/politician/Nancy%20Pelosi-P000197,,2026-05-27T07:26:48.000Z
quiverquant,"TEMTEMPUS AI, INC. - CLASS A COMMONStock - Sale - Jan 23, 2026","TEMTEMPUS AI, INC. - CLASS A COMMONStock",,0.00,0.00,0,Sale,https://www.quiverquant.com/congresstrading/politician/Nancy%20Pelosi-P000197,,2026-05-27T07:26:48.018Z
quiverquant,"VSTVISTRA CORP. COMMON STOCKStock - Sale - Jan 23, 2026",VSTVISTRA CORP. COMMON STOCKStock,,0.00,0.00,0,Sale,https://www.quiverquant.com/congresstrading/politician/Nancy%20Pelosi-P000197,,2026-05-27T07:26:48.034Z
quiverquant,"VSNTVERSANT MEDIA GROUP, INC. - CLASS A COMMON STOCKStock - Sale - Jan 23, 2026","VSNTVERSANT MEDIA GROUP, INC. - CLASS A COMMON STOCKStock",,0.00,0.00,0,Sale,https://www.quiverquant.com/congresstrading/politician/Nancy%20Pelosi-P000197,,2026-05-27T07:26:48.048Z
quiverquant,"AAPLAPPLE INC. - COMMON STOCKStock - Sale - Jan 23, 2026",AAPLAPPLE INC. - COMMON STOCKStock,,0.00,0.00,0,Sale,https://www.quiverquant.com/congresstrading/politician/Nancy%20Pelosi-P000197,,2026-05-27T07:26:48.064Z
quiverquant,"AAPLAPPLE INC. - COMMON STOCKOptions - Sale - Jan 23, 2026",AAPLAPPLE INC. - COMMON STOCKOptions,,0.00,0.00,0,Sale,https://www.quiverquant.com/congresstrading/politician/Nancy%20Pelosi-P000197,,2026-05-27T07:26:48.078Z
quiverquant,"AMZNAMAZON.COM, INC. - COMMON STOCKOptions - Sale - Jan 23, 2026","AMZNAMAZON.COM, INC. - COMMON STOCKOptions",,0.00,0.00,0,Sale,https://www.quiverquant.com/congresstrading/politician/Nancy%20Pelosi-P000197,,2026-05-27T07:26:48.095Z
quiverquant,"DISWALT DISNEY COMPANYStock - Sale - Jan 23, 2026",DISWALT DISNEY COMPANYStock,,0.00,0.00,0,Sale,https://www.quiverquant.com/congresstrading/politician/Nancy%20Pelosi-P000197,,2026-05-27T07:26:48.109Z
quiverquant,"GOOGLALPHABET INC. - CLASS A COMMON STOCKStock - Sale - Jan 23, 2026",GOOGLALPHABET INC. - CLASS A COMMON STOCKStock,,0.00,0.00,0,Sale,https://www.quiverquant.com/congresstrading/politician/Nancy%20Pelosi-P000197,,2026-05-27T07:26:48.120Z
quiverquant,"GOOGLALPHABET INC. - CLASS A COMMON STOCKOptions - Sale - Jan 23, 2026",GOOGLALPHABET INC. - CLASS A COMMON STOCKOptions,,0.00,0.00,0,Sale,https://www.quiverquant.com/congresstrading/politician/Nancy%20Pelosi-P000197,,2026-05-27T07:26:48.134Z
quiverquant,"NVDANVIDIA CORPORATION - COMMON STOCKOptions - Sale - Jan 23, 2026",NVDANVIDIA CORPORATION - COMMON STOCKOptions,,0.00,0.00,0,Sale,https://www.quiverquant.com/congresstrading/politician/Nancy%20Pelosi-P000197,,2026-05-27T07:26:48.148Z
quiverquant,"PYPLPAYPAL HOLDINGS, INC. - COMMON STOCKStock - Sale - Jan 23, 2026","PYPLPAYPAL HOLDINGS, INC. - COMMON STOCKStock",,0.00,0.00,0,Sale,https://www.quiverquant.com/congresstrading/politician/Nancy%20Pelosi-P000197,,2026-05-27T07:26:48.161Z
quiverquant,"AAPLAPPLE INC. - COMMON STOCKStock - Sale - Jan 23, 2026",AAPLAPPLE INC. - COMMON STOCKStock,,0.00,0.00,0,Sale,https://www.quiverquant.com/congresstrading/politician/Nancy%20Pelosi-P000197,,2026-05-27T07:26:48.175Z
quiverquant,"AMZNAMAZON.COM, INC. - COMMON STOCKStock - Sale - Jan 23, 2026","AMZNAMAZON.COM, INC. - COMMON STOCKStock",,0.00,0.00,0,Sale,https://www.quiverquant.com/congresstrading/politician/Nancy%20Pelosi-P000197,,2026-05-27T07:26:48.186Z
quiverquant,"NVDANVIDIA CORPORATION - COMMON STOCKStock - Sale - Jan 23, 2026",NVDANVIDIA CORPORATION - COMMON STOCKStock,,0.00,0.00,0,Sale,https://www.quiverquant.com/congresstrading/politician/Nancy%20Pelosi-P000197,,2026-05-27T07:26:48.200Z
quiverquant,"AAPLAPPLE INC. - COMMON STOCKStock - Sale - Oct 24, 2025",AAPLAPPLE INC. - COMMON STOCKStock,,0.00,0.00,0,Sale,https://www.quiverquant.com/congresstrading/politician/Nancy%20Pelosi-P000197,,2026-05-27T07:26:48.213Z
quiverquant,"AVGOBROADCOM INC. - COMMON STOCKStock - Sale - Jul 9, 2025",AVGOBROADCOM INC. - COMMON STOCKStock,,0.00,0.00,0,Sale,https://www.quiverquant.com/congresstrading/politician/Nancy%20Pelosi-P000197,,2026-05-27T07:26:48.227Z
quiverquant,"AMZNAMAZON.COM, INC. - COMMON STOCKOptions - Sale - Jan 17, 2025","AMZNAMAZON.COM, INC. - COMMON STOCKOptions",,0.00,0.00,0,Sale,https://www.quiverquant.com/congresstrading/politician/Nancy%20Pelosi-P000197,,2026-05-27T07:26:48.246Z
quiverquant,"GOOGLALPHABET INC. - CLASS A COMMON STOCKOptions - Sale - Jan 17, 2025",GOOGLALPHABET INC. - CLASS A COMMON STOCKOptions,,0.00,0.00,0,Sale,https://www.quiverquant.com/congresstrading/politician/Nancy%20Pelosi-P000197,,2026-05-27T07:26:48.260Z
quiverquant,"NVDANVIDIA CORPORATION - COMMON STOCKOptions - Sale - Jan 17, 2025",NVDANVIDIA CORPORATION - COMMON STOCKOptions,,0.00,0.00,0,Sale,https://www.quiverquant.com/congresstrading/politician/Nancy%20Pelosi-P000197,,2026-05-27T07:26:48.272Z
quiverquant,"TEMTEMPUS AI, INC. - CLASS A COMMON STOCKOptions - Sale - Jan 17, 2025","TEMTEMPUS AI, INC. - CLASS A COMMON STOCKOptions",,0.00,0.00,0,Sale,https://www.quiverquant.com/congresstrading/politician/Nancy%20Pelosi-P000197,,2026-05-27T07:26:48.286Z
quiverquant,"VSTVISTRA CORP. COMMON STOCKOptions - Sale - Jan 17, 2025",VSTVISTRA CORP. COMMON STOCKOptions,,0.00,0.00,0,Sale,https://www.quiverquant.com/congresstrading/politician/Nancy%20Pelosi-P000197,,2026-05-27T07:26:48.300Z
quiverquant,"AAPLAPPLE INC. - COMMON STOCKStock - Sale - Jan 17, 2025",AAPLAPPLE INC. - COMMON STOCKStock,,0.00,0.00,0,Sale,https://www.quiverquant.com/congresstrading/politician/Nancy%20Pelosi-P000197,,2026-05-27T07:26:48.312Z
quiverquant,"NVDANVIDIA CORPORATION - COMMON STOCKStock - Sale - Jan 17, 2025",NVDANVIDIA CORPORATION - COMMON STOCKStock,,0.00,0.00,0,Sale,https://www.quiverquant.com/congresstrading/politician/Nancy%20Pelosi-P000197,,2026-05-27T07:26:48.327Z
quiverquant,"NVDANVIDIA CORPORATION - COMMON STOCKStock - Sale - Jan 17, 2025",NVDANVIDIA CORPORATION - COMMON STOCKStock,,0.00,0.00,0,Sale,https://www.quiverquant.com/congresstrading/politician/Nancy%20Pelosi-P000197,,2026-05-27T07:26:48.337Z
quiverquant,"PANWPALO ALTO NETWORKS, INC.Stock - Sale - Jan 17, 2025","PANWPALO ALTO NETWORKS, INC.Stock",,0.00,0.00,0,Sale,https://www.quiverquant.com/congresstrading/politician/Nancy%20Pelosi-P000197,,2026-05-27T07:26:48.350Z
quiverquant,"MSFTMICROSOFT CORPORATION - COMMON STOCKStock - Sale - Jul 30, 2024",MSFTMICROSOFT CORPORATION - COMMON STOCKStock,,0.00,0.00,0,Sale,https://www.quiverquant.com/congresstrading/politician/Nancy%20Pelosi-P000197,,2026-05-27T07:26:48.369Z
quiverquant,"NVDANVIDIA CORPORATION - COMMON STOCKStock - Sale - Jul 30, 2024",NVDANVIDIA CORPORATION - COMMON STOCKStock,,0.00,0.00,0,Sale,https://www.quiverquant.com/congresstrading/politician/Nancy%20Pelosi-P000197,,2026-05-27T07:26:48.382Z
quiverquant,"VVISA INC.Stock - Sale - Jul 2, 2024",VVISA INC.Stock,,0.00,0.00,0,Sale,https://www.quiverquant.com/congresstrading/politician/Nancy%20Pelosi-P000197,,2026-05-27T07:26:48.396Z
quiverquant,"NVDANVIDIA CORPORATION - COMMON STOCKStock - Sale - Jul 2, 2024",NVDANVIDIA CORPORATION - COMMON STOCKStock,,0.00,0.00,0,Sale,https://www.quiverquant.com/congresstrading/politician/Nancy%20Pelosi-P000197,,2026-05-27T07:26:48.410Z
quiverquant,"AVGOBROADCOM INC. - COMMON STOCKOptions - Sale - Jul 2, 2024",AVGOBROADCOM INC. - COMMON STOCKOptions,,0.00,0.00,0,Sale,https://www.quiverquant.com/congresstrading/politician/Nancy%20Pelosi-P000197,,2026-05-27T07:26:48.421Z
quiverquant,"TSLATESLA, INC. - COMMON STOCKStock - Sale - Jul 2, 2024","TSLATESLA, INC. - COMMON STOCKStock",,0.00,0.00,0,Sale,https://www.quiverquant.com/congresstrading/politician/Nancy%20Pelosi-P000197,,2026-05-27T07:26:48.433Z
quiverquant,"PANWPALO ALTO NETWORKS, INC.Options - Sale - Feb 23, 2024","PANWPALO ALTO NETWORKS, INC.Options",,0.00,0.00,0,Sale,https://www.quiverquant.com/congresstrading/politician/Nancy%20Pelosi-P000197,,2026-05-27T07:26:48.449Z
quiverquant,"PANWPALO ALTO NETWORKS, INC.Options - Sale - Feb 23, 2024","PANWPALO ALTO NETWORKS, INC.Options",,0.00,0.00,0,Sale,https://www.quiverquant.com/congresstrading/politician/Nancy%20Pelosi-P000197,,2026-05-27T07:26:48.461Z
quiverquant,"NVDANVIDIA CORPORATIONOptions - Sale - Dec 21, 2023",NVDANVIDIA CORPORATIONOptions,,0.00,0.00,0,Sale,https://www.quiverquant.com/congresstrading/politician/Nancy%20Pelosi-P000197,,2026-05-27T07:26:48.474Z
quiverquant,"AAPLAPPLE INC.Stock - Sale - Jun 22, 2023",AAPLAPPLE INC.Stock,,0.00,0.00,0,Sale,https://www.quiverquant.com/congresstrading/politician/Nancy%20Pelosi-P000197,,2026-05-27T07:26:48.485Z
quiverquant,"MSFTMICROSOFT CORPORATIONStock - Sale - Jun 22, 2023",MSFTMICROSOFT CORPORATIONStock,,0.00,0.00,0,Sale,https://www.quiverquant.com/congresstrading/politician/Nancy%20Pelosi-P000197,,2026-05-27T07:26:48.496Z
quiverquant,"AAPLAPPLE INC.Stock - Sale - Jun 6, 2023",AAPLAPPLE INC.Stock,,0.00,0.00,0,Sale,https://www.quiverquant.com/congresstrading/politician/Nancy%20Pelosi-P000197,,2026-05-27T07:26:48.507Z
quiverquant,"AAPLAPPLE INC.Stock - Sale - Apr 6, 2023",AAPLAPPLE INC.Stock,,0.00,0.00,0,Sale,https://www.quiverquant.com/congresstrading/politician/Nancy%20Pelosi-P000197,,2026-05-27T07:26:48.517Z
quiverquant,"RBLXROBLOX CORPORATION CLASS AOptions - Sale - Jan 25, 2023",RBLXROBLOX CORPORATION CLASS AOptions,,0.00,0.00,0,Sale,https://www.quiverquant.com/congresstrading/politician/Nancy%20Pelosi-P000197,,2026-05-27T07:26:48.531Z
quiverquant,"NFLXNETFLIX, INC.Stock - Sale - Jan 12, 2023","NFLXNETFLIX, INC.Stock",,0.00,0.00,0,Sale,https://www.quiverquant.com/congresstrading/politician/Nancy%20Pelosi-P000197,,2026-05-27T07:26:48.542Z
quiverquant,"NFLXNETFLIX, INC.Stock - Sale - Jan 12, 2023","NFLXNETFLIX, INC.Stock",,0.00,0.00,0,Sale,https://www.quiverquant.com/congresstrading/politician/Nancy%20Pelosi-P000197,,2026-05-27T07:26:48.553Z
quiverquant,"GOOGLALPHABET INC. - CLASS AStock - Sale - Jan 12, 2023",GOOGLALPHABET INC. - CLASS AStock,,0.00,0.00,0,Sale,https://www.quiverquant.com/congresstrading/politician/Nancy%20Pelosi-P000197,,2026-05-27T07:26:48.563Z
quiverquant,"PYPLPAYPAL HOLDINGS, INC.Stock - Sale - Jan 12, 2023","PYPLPAYPAL HOLDINGS, INC.Stock",,0.00,0.00,0,Sale,https://www.quiverquant.com/congresstrading/politician/Nancy%20Pelosi-P000197,,2026-05-27T07:26:48.574Z
quiverquant,"RBLXROBLOX CORPORATION CLASS AStock - Sale - Jan 12, 2023",RBLXROBLOX CORPORATION CLASS AStock,,0.00,0.00,0,Sale,https://www.quiverquant.com/congresstrading/politician/Nancy%20Pelosi-P000197,,2026-05-27T07:26:48.584Z
quiverquant,"DISWALT DISNEY COMPANYStock - Sale - Jan 12, 2023",DISWALT DISNEY COMPANYStock,,0.00,0.00,0,Sale,https://www.quiverquant.com/congresstrading/politician/Nancy%20Pelosi-P000197,,2026-05-27T07:26:48.601Z
quiverquant,"GOOGLALPHABET INC. - CLASS AStock - Sale - Jan 12, 2023",GOOGLALPHABET INC. - CLASS AStock,,0.00,0.00,0,Sale,https://www.quiverquant.com/congresstrading/politician/Nancy%20Pelosi-P000197,,2026-05-27T07:26:48.612Z
quiverquant,"PYPLPAYPAL HOLDINGS, INC.Stock - Sale - Jan 12, 2023","PYPLPAYPAL HOLDINGS, INC.Stock",,0.00,0.00,0,Sale,https://www.quiverquant.com/congresstrading/politician/Nancy%20Pelosi-P000197,,2026-05-27T07:26:48.624Z
quiverquant,"CRMSALESFORCE, INC.Options - Sale - Jan 12, 2023","CRMSALESFORCE, INC.Options",,0.00,0.00,0,Sale,https://www.quiverquant.com/congresstrading/politician/Nancy%20Pelosi-P000197,,2026-05-27T07:26:48.635Z
quiverquant,"GOOGLALPHABET INC. - CLASS AStock - Sale - Jan 12, 2023",GOOGLALPHABET INC. - CLASS AStock,,0.00,0.00,0,Sale,https://www.quiverquant.com/congresstrading/politician/Nancy%20Pelosi-P000197,,2026-05-27T07:26:48.646Z
quiverquant,"TSLATESLA, INC.Stock - Sale - Jan 12, 2023","TSLATESLA, INC.Stock",,0.00,0.00,0,Sale,https://www.quiverquant.com/congresstrading/politician/Nancy%20Pelosi-P000197,,2026-05-27T07:26:48.657Z
quiverquant,"VVISA INC.Stock - Sale - Nov 30, 2022",VVISA INC.Stock,,0.00,0.00,0,Sale,https://www.quiverquant.com/congresstrading/politician/Nancy%20Pelosi-P000197,,2026-05-27T07:26:48.668Z
quiverquant,"DISWALT DISNEY COMPANYOptions - Sale - Oct 14, 2022",DISWALT DISNEY COMPANYOptions,,0.00,0.00,0,Sale,https://www.quiverquant.com/congresstrading/politician/Nancy%20Pelosi-P000197,,2026-05-27T07:26:48.679Z
quiverquant,"GOOGALPHABET INC. - CLASS C CAPITAL STOCKStock - Sale - Oct 14, 2022",GOOGALPHABET INC. - CLASS C CAPITAL STOCKStock,,0.00,0.00,0,Sale,https://www.quiverquant.com/congresstrading/politician/Nancy%20Pelosi-P000197,,2026-05-27T07:26:48.689Z
quiverquant,"MUMICRON TECHNOLOGY, INC.Options - Sale - Oct 14, 2022","MUMICRON TECHNOLOGY, INC.Options",,0.00,0.00,0,Sale,https://www.quiverquant.com/congresstrading/politician/Nancy%20Pelosi-P000197,,2026-05-27T07:26:48.700Z
quiverquant,"NVDANVIDIA CORPORATIONOptions - Sale - Oct 14, 2022",NVDANVIDIA CORPORATIONOptions,,0.00,0.00,0,Sale,https://www.quiverquant.com/congresstrading/politician/Nancy%20Pelosi-P000197,,2026-05-27T07:26:48.710Z
quiverquant,"NVDANVIDIA CORPORATIONStock - Sale - Jul 26, 2022",NVDANVIDIA CORPORATIONStock,,0.00,0.00,0,Sale,https://www.quiverquant.com/congresstrading/politician/Nancy%20Pelosi-P000197,,2026-05-27T07:26:48.724Z
quiverquant,"VVISA INC.Stock - Sale - Jul 14, 2022",VVISA INC.Stock,,0.00,0.00,0,Sale,https://www.quiverquant.com/congresstrading/politician/Nancy%20Pelosi-P000197,,2026-05-27T07:26:48.735Z
quiverquant,"AAPLAPPLE INC.Options - Sale - Jul 14, 2022",AAPLAPPLE INC.Options,,0.00,0.00,0,Sale,https://www.quiverquant.com/congresstrading/politician/Nancy%20Pelosi-P000197,,2026-05-27T07:26:48.745Z
quiverquant,"NVDANVIDIA CORPORATIONStock - Sale - Jul 14, 2022",NVDANVIDIA CORPORATIONStock,,0.00,0.00,0,Sale,https://www.quiverquant.com/congresstrading/politician/Nancy%20Pelosi-P000197,,2026-05-27T07:26:48.756Z
quiverquant,"AAPLAPPLE INC.Options - Sale - Jun 3, 2022",AAPLAPPLE INC.Options,,0.00,0.00,0,Sale,https://www.quiverquant.com/congresstrading/politician/Nancy%20Pelosi-P000197,,2026-05-27T07:26:48.767Z
quiverquant,"MSFTMICROSOFT CORPORATIONOptions - Sale - Jun 3, 2022",MSFTMICROSOFT CORPORATIONOptions,,0.00,0.00,0,Sale,https://www.quiverquant.com/congresstrading/politician/Nancy%20Pelosi-P000197,,2026-05-27T07:26:48.778Z
quiverquant,"MSFTMICROSOFT CORPORATIONOptions - Sale - Jun 3, 2022",MSFTMICROSOFT CORPORATIONOptions,,0.00,0.00,0,Sale,https://www.quiverquant.com/congresstrading/politician/Nancy%20Pelosi-P000197,,2026-05-27T07:26:48.788Z
quiverquant,"AAPLAPPLE INC.Options - Sale - Jun 3, 2022",AAPLAPPLE INC.Options,,0.00,0.00,0,Sale,https://www.quiverquant.com/congresstrading/politician/Nancy%20Pelosi-P000197,,2026-05-27T07:26:48.799Z
quiverquant,"WBDWARNER BROS. DISCOVERY, INC. - SERIES AStock - Sale - May 3, 2022","WBDWARNER BROS. DISCOVERY, INC. - SERIES AStock",,0.00,0.00,0,Sale,https://www.quiverquant.com/congresstrading/politician/Nancy%20Pelosi-P000197,,2026-05-27T07:26:48.809Z
quiverquant,"TSLATESLA, INC.Stock - Sale - Mar 21, 2022","TSLATESLA, INC.Stock",,0.00,0.00,0,Sale,https://www.quiverquant.com/congresstrading/politician/Nancy%20Pelosi-P000197,,2026-05-27T07:26:48.819Z
quiverquant,"ABALLIANCEBERNSTEIN HOLDING L.P. UNITSOwnership Interest (Engaged in a Trade or Business) - Sale - Feb 28, 2022",ABALLIANCEBERNSTEIN HOLDING L.P. UNITSOwnership Interest (Engaged in a Trade or Business),,0.00,0.00,0,Sale,https://www.quiverquant.com/congresstrading/politician/Nancy%20Pelosi-P000197,,2026-05-27T07:26:48.830Z
quiverquant,"AAPLAPPLE INC.Stock - Sale - Feb 28, 2022",AAPLAPPLE INC.Stock,,0.00,0.00,0,Sale,https://www.quiverquant.com/congresstrading/politician/Nancy%20Pelosi-P000197,,2026-05-27T07:26:48.840Z
quiverquant,"AXPAMERICAN EXPRESS COMPANYStock - Sale - Feb 28, 2022",AXPAMERICAN EXPRESS COMPANYStock,,0.00,0.00,0,Sale,https://www.quiverquant.com/congresstrading/politician/Nancy%20Pelosi-P000197,,2026-05-27T07:26:48.851Z
quiverquant,"DISWALT DISNEY COMPANYStock - Sale - Feb 28, 2022",DISWALT DISNEY COMPANYStock,,0.00,0.00,0,Sale,https://www.quiverquant.com/congresstrading/politician/Nancy%20Pelosi-P000197,,2026-05-27T07:26:48.862Z
quiverquant,"PYPLPAYPAL HOLDINGS, INC.Stock - Sale - Feb 28, 2022","PYPLPAYPAL HOLDINGS, INC.Stock",,0.00,0.00,0,Sale,https://www.quiverquant.com/congresstrading/politician/Nancy%20Pelosi-P000197,,2026-05-27T07:26:48.872Z
quiverquant,"AAPLAPPLE INC.Stock - Sale - Jan 12, 2022",AAPLAPPLE INC.Stock,,0.00,0.00,0,Sale,https://www.quiverquant.com/congresstrading/politician/Nancy%20Pelosi-P000197,,2026-05-27T07:26:48.882Z
quiverquant,"AAPLAPPLE INC.Stock - Sale - Jan 12, 2022",AAPLAPPLE INC.Stock,,0.00,0.00,0,Sale,https://www.quiverquant.com/congresstrading/politician/Nancy%20Pelosi-P000197,,2026-05-27T07:26:48.894Z
quiverquant,"MUMICRON TECHNOLOGY, INC.Options - Sale - Dec 29, 2021","MUMICRON TECHNOLOGY, INC.Options",,0.00,0.00,0,Sale,https://www.quiverquant.com/congresstrading/politician/Nancy%20Pelosi-P000197,,2026-05-27T07:26:48.907Z
quiverquant,"CRMSALESFORCE.COM INCOptions - Sale - Dec 29, 2021",CRMSALESFORCE.COM INCOptions,,0.00,0.00,0,Sale,https://www.quiverquant.com/congresstrading/politician/Nancy%20Pelosi-P000197,,2026-05-27T07:26:48.918Z
quiverquant,"CRMSALESFORCE.COM INCOptions - Sale - Dec 29, 2021",CRMSALESFORCE.COM INCOptions,,0.00,0.00,0,Sale,https://www.quiverquant.com/congresstrading/politician/Nancy%20Pelosi-P000197,,2026-05-27T07:26:48.929Z
quiverquant,"RBLXROBLOX CORPORATION CLASS AOptions - Sale - Dec 29, 2021",RBLXROBLOX CORPORATION CLASS AOptions,,0.00,0.00,0,Sale,https://www.quiverquant.com/congresstrading/politician/Nancy%20Pelosi-P000197,,2026-05-27T07:26:48.939Z
quiverquant,"DISWALT DISNEY COMPANYOptions - Sale - Dec 29, 2021",DISWALT DISNEY COMPANYOptions,,0.00,0.00,0,Sale,https://www.quiverquant.com/congresstrading/politician/Nancy%20Pelosi-P000197,,2026-05-27T07:26:48.949Z
quiverquant,"GOOGALPHABET INC. - CLASS C CAPITAL STOCKOptions - Sale - Dec 29, 2021",GOOGALPHABET INC. - CLASS C CAPITAL STOCKOptions,,0.00,0.00,0,Sale,https://www.quiverquant.com/congresstrading/politician/Nancy%20Pelosi-P000197,,2026-05-27T07:26:49.006Z
quiverquant,"NVDANVIDIA CORPORATIONStock - Sale - Aug 20, 2021",NVDANVIDIA CORPORATIONStock,,0.00,0.00,0,Sale,https://www.quiverquant.com/congresstrading/politician/Nancy%20Pelosi-P000197,,2026-05-27T07:26:49.016Z
quiverquant,"NVDANVIDIA CORPORATIONOptions - Sale - Aug 20, 2021",NVDANVIDIA CORPORATIONOptions,,0.00,0.00,0,Sale,https://www.quiverquant.com/congresstrading/politician/Nancy%20Pelosi-P000197,,2026-05-27T07:26:49.027Z
quiverquant,"MONTGOMERY, AL .2, SCHAUMBERG, IL .1LAKELAND, FL -1, ALBANY, GA - 1, ANDOVER, MA - 1, FAYETTEVILLE, NC - 1, GREENVILLE, SC - 1, JOHNSON CITY, TN - 1, BEAUMONT, TX - 1, RICHMOND, VA - 1, VANCOUVER, WA - 1) AND NINE HILTON-BRANDED HOTELSStock - Sale - Aug 20, 2021","MONTGOMERY, AL .2, SCHAUMBERG, IL .1LAKELAND, FL -1, ALBANY, GA - 1, ANDOVER, MA - 1, FAYETTEVILLE, NC - 1, GREENVILLE, SC - 1, JOHNSON CITY, TN - 1, BEAUMONT, TX - 1, RICHMOND, VA - 1, VANCOUVER, WA - 1) AND NINE HILTON-BRANDED HOTELSStock",,0.00,0.00,0,Sale,https://www.quiverquant.com/congresstrading/politician/Nancy%20Pelosi-P000197,,2026-05-27T07:26:49.038Z
quiverquant,"GOOGLALPHABET INC. - CLASS AStock - Sale - Jul 2, 2021",GOOGLALPHABET INC. - CLASS AStock,,0.00,0.00,0,Sale,https://www.quiverquant.com/congresstrading/politician/Nancy%20Pelosi-P000197,,2026-05-27T07:26:49.051Z
quiverquant,"NVDANVIDIA CORPORATIONOptions - Sale - Jul 2, 2021",NVDANVIDIA CORPORATIONOptions,,0.00,0.00,0,Sale,https://www.quiverquant.com/congresstrading/politician/Nancy%20Pelosi-P000197,,2026-05-27T07:26:49.061Z
quiverquant,"AAPLAPPLE INC.Options - Sale - Jul 2, 2021",AAPLAPPLE INC.Options,,0.00,0.00,0,Sale,https://www.quiverquant.com/congresstrading/politician/Nancy%20Pelosi-P000197,,2026-05-27T07:26:49.073Z
quiverquant,"AMZNAMAZON.COM, INC.Options - Sale - Jul 2, 2021","AMZNAMAZON.COM, INC.Options",,0.00,0.00,0,Sale,https://www.quiverquant.com/congresstrading/politician/Nancy%20Pelosi-P000197,,2026-05-27T07:26:49.086Z
quiverquant,"MSFTMICROSOFT CORPORATIONStock - Sale - Apr 9, 2021",MSFTMICROSOFT CORPORATIONStock,,0.00,0.00,0,Sale,https://www.quiverquant.com/congresstrading/politician/Nancy%20Pelosi-P000197,,2026-05-27T07:26:49.096Z
quiverquant,"MSFTMICROSOFT CORPORATIONStock - Sale - Apr 9, 2021",MSFTMICROSOFT CORPORATIONStock,,0.00,0.00,0,Sale,https://www.quiverquant.com/congresstrading/politician/Nancy%20Pelosi-P000197,,2026-05-27T07:26:49.106Z
quiverquant,"IBITISHARES BITCOIN TRUST ETFStock - Sale - Dec 2, 2025",IBITISHARES BITCOIN TRUST ETFStock,,0.00,0.00,0,Sale,https://www.quiverquant.com/congresstrading/politician/Marjorie%20Taylor%20Greene-G000596,,2026-05-27T07:26:53.071Z
quiverquant,"ADPAUTOMATIC DATA PROCESSING, INC. - COMMON STOCKStock - Sale - Nov 13, 2025","ADPAUTOMATIC DATA PROCESSING, INC. - COMMON STOCKStock",,0.00,0.00,0,Sale,https://www.quiverquant.com/congresstrading/politician/Marjorie%20Taylor%20Greene-G000596,,2026-05-27T07:26:53.087Z
quiverquant,"PAYXPAYCHEX, INC. - COMMON STOCKStock - Sale - Nov 13, 2025","PAYXPAYCHEX, INC. - COMMON STOCKStock",,0.00,0.00,0,Sale,https://www.quiverquant.com/congresstrading/politician/Marjorie%20Taylor%20Greene-G000596,,2026-05-27T07:26:53.097Z
quiverquant,"PGPROCTER & GAMBLE COMPANYStock - Sale - Nov 7, 2025",PGPROCTER & GAMBLE COMPANYStock,,0.00,0.00,0,Sale,https://www.quiverquant.com/congresstrading/politician/Marjorie%20Taylor%20Greene-G000596,,2026-05-27T07:26:53.108Z
quiverquant,"AMGNAMGEN INC. - COMMON STOCKStock - Sale - Oct 28, 2025",AMGNAMGEN INC. - COMMON STOCKStock,,0.00,0.00,0,Sale,https://www.quiverquant.com/congresstrading/politician/Marjorie%20Taylor%20Greene-G000596,,2026-05-27T07:26:53.119Z
quiverquant,"AMZNAMAZON.COM, INC. - COMMON STOCKStock - Sale - Oct 28, 2025","AMZNAMAZON.COM, INC. - COMMON STOCKStock",,0.00,0.00,0,Sale,https://www.quiverquant.com/congresstrading/politician/Marjorie%20Taylor%20Greene-G000596,,2026-05-27T07:26:53.130Z
quiverquant,"BRK.BBERKSHIRE HATHAWAY INC. NEW COMMON STOCKStock - Sale - Oct 28, 2025",BRK.BBERKSHIRE HATHAWAY INC. NEW COMMON STOCKStock,,0.00,0.00,0,Sale,https://www.quiverquant.com/congresstrading/politician/Marjorie%20Taylor%20Greene-G000596,,2026-05-27T07:26:53.141Z
quiverquant,"BXBLACKSTONE INC. COMMON STOCKStock - Sale - Oct 28, 2025",BXBLACKSTONE INC. COMMON STOCKStock,,0.00,0.00,0,Sale,https://www.quiverquant.com/congresstrading/politician/Marjorie%20Taylor%20Greene-G000596,,2026-05-27T07:26:53.152Z
quiverquant,"CAHCARDINAL HEALTH, INC. COMMON STOCKStock - Sale - Oct 28, 2025","CAHCARDINAL HEALTH, INC. COMMON STOCKStock",,0.00,0.00,0,Sale,https://www.quiverquant.com/congresstrading/politician/Marjorie%20Taylor%20Greene-G000596,,2026-05-27T07:26:53.162Z
quiverquant,"CVXCHEVRON CORPORATION COMMON STOCKStock - Sale - Oct 28, 2025",CVXCHEVRON CORPORATION COMMON STOCKStock,,0.00,0.00,0,Sale,https://www.quiverquant.com/congresstrading/politician/Marjorie%20Taylor%20Greene-G000596,,2026-05-27T07:26:53.187Z
quiverquant,"HDHOME DEPOT, INC.Stock - Sale - Oct 28, 2025","HDHOME DEPOT, INC.Stock",,0.00,0.00,0,Sale,https://www.quiverquant.com/congresstrading/politician/Marjorie%20Taylor%20Greene-G000596,,2026-05-27T07:26:53.198Z
quiverquant,"IBITISHARES BITCOIN TRUST ETF - ISHARES BITCOIN TRUST ETFStock - Sale - Oct 28, 2025",IBITISHARES BITCOIN TRUST ETF - ISHARES BITCOIN TRUST ETFStock,,0.00,0.00,0,Sale,https://www.quiverquant.com/congresstrading/politician/Marjorie%20Taylor%20Greene-G000596,,2026-05-27T07:26:53.208Z
quiverquant,"KMIKINDER MORGAN, INC. COMMON STOCKStock - Sale - Oct 28, 2025","KMIKINDER MORGAN, INC. COMMON STOCKStock",,0.00,0.00,0,Sale,https://www.quiverquant.com/congresstrading/politician/Marjorie%20Taylor%20Greene-G000596,,2026-05-27T07:26:53.219Z
quiverquant,"MELIMERCADOLIBRE, INC. - COMMON STOCKStock - Sale - Oct 28, 2025","MELIMERCADOLIBRE, INC. - COMMON STOCKStock",,0.00,0.00,0,Sale,https://www.quiverquant.com/congresstrading/politician/Marjorie%20Taylor%20Greene-G000596,,2026-05-27T07:26:53.230Z
quiverquant,"MSFTMICROSOFT CORPORATION - COMMON STOCKStock - Sale - Oct 28, 2025",MSFTMICROSOFT CORPORATION - COMMON STOCKStock,,0.00,0.00,0,Sale,https://www.quiverquant.com/congresstrading/politician/Marjorie%20Taylor%20Greene-G000596,,2026-05-27T07:26:53.247Z
quiverquant,"NFLXNETFLIX, INC. - COMMON STOCKStock - Sale - Oct 28, 2025","NFLXNETFLIX, INC. - COMMON STOCKStock",,0.00,0.00,0,Sale,https://www.quiverquant.com/congresstrading/politician/Marjorie%20Taylor%20Greene-G000596,,2026-05-27T07:26:53.258Z
quiverquant,"OXYOCCIDENTAL PETROLEUM CORPORATION COMMON STOCKStock - Sale - Oct 28, 2025",OXYOCCIDENTAL PETROLEUM CORPORATION COMMON STOCKStock,,0.00,0.00,0,Sale,https://www.quiverquant.com/congresstrading/politician/Marjorie%20Taylor%20Greene-G000596,,2026-05-27T07:26:53.269Z
quiverquant,"PANWPALO ALTO NETWORKS, INC.Stock - Sale - Oct 28, 2025","PANWPALO ALTO NETWORKS, INC.Stock",,0.00,0.00,0,Sale,https://www.quiverquant.com/congresstrading/politician/Marjorie%20Taylor%20Greene-G000596,,2026-05-27T07:26:53.280Z
quiverquant,"ADBEADOBE INC. - COMMON STOCKStock - Sale - Oct 20, 2025",ADBEADOBE INC. - COMMON STOCKStock,,0.00,0.00,0,Sale,https://www.quiverquant.com/congresstrading/politician/Marjorie%20Taylor%20Greene-G000596,,2026-05-27T07:26:53.290Z
quiverquant,"AMZNAMAZON.COM, INC. - COMMON STOCKStock - Sale - Oct 20, 2025","AMZNAMAZON.COM, INC. - COMMON STOCKStock",,0.00,0.00,0,Sale,https://www.quiverquant.com/congresstrading/politician/Marjorie%20Taylor%20Greene-G000596,,2026-05-27T07:26:53.300Z
quiverquant,"EXCEXELON CORPORATIONStock - Sale - Oct 20, 2025",EXCEXELON CORPORATIONStock,,0.00,0.00,0,Sale,https://www.quiverquant.com/congresstrading/politician/Marjorie%20Taylor%20Greene-G000596,,2026-05-27T07:26:53.311Z
quiverquant,"IBITISHARES BITCOIN TRUST ETF - ISHARES BITCOIN TRUST ETFStock - Sale - Oct 20, 2025",IBITISHARES BITCOIN TRUST ETF - ISHARES BITCOIN TRUST ETFStock,,0.00,0.00,0,Sale,https://www.quiverquant.com/congresstrading/politician/Marjorie%20Taylor%20Greene-G000596,,2026-05-27T07:26:53.321Z
quiverquant,"NVONOVO NORDISK A/S COMMON STOCKStock - Sale - Oct 20, 2025",NVONOVO NORDISK A/S COMMON STOCKStock,,0.00,0.00,0,Sale,https://www.quiverquant.com/congresstrading/politician/Marjorie%20Taylor%20Greene-G000596,,2026-05-27T07:26:53.332Z
quiverquant,"TSLATESLA, INC. - COMMON STOCKStock - Sale - Oct 20, 2025","TSLATESLA, INC. - COMMON STOCKStock",,0.00,0.00,0,Sale,https://www.quiverquant.com/congresstrading/politician/Marjorie%20Taylor%20Greene-G000596,,2026-05-27T07:26:53.344Z
quiverquant,"XMEXXEMEX GROUP INC. COMMON STOCKStock - Sale - Oct 20, 2025",XMEXXEMEX GROUP INC. COMMON STOCKStock,,0.00,0.00,0,Sale,https://www.quiverquant.com/congresstrading/politician/Marjorie%20Taylor%20Greene-G000596,,2026-05-27T07:26:53.356Z
quiverquant,"AMZNAMAZON.COM, INC. - COMMON STOCKStock - Sale - Oct 20, 2025","AMZNAMAZON.COM, INC. - COMMON STOCKStock",,0.00,0.00,0,Sale,https://www.quiverquant.com/congresstrading/politician/Marjorie%20Taylor%20Greene-G000596,,2026-05-27T07:26:53.368Z
quiverquant,"IBITISHARES BITCOIN TRUST ETF - ISHARES BITCOIN TRUST ETFStock - Sale - Oct 20, 2025",IBITISHARES BITCOIN TRUST ETF - ISHARES BITCOIN TRUST ETFStock,,0.00,0.00,0,Sale,https://www.quiverquant.com/congresstrading/politician/Marjorie%20Taylor%20Greene-G000596,,2026-05-27T07:26:53.378Z
quiverquant,"UPSUNITED PARCEL SERVICE, INC. COMMON STOCKStock - Sale - Oct 20, 2025","UPSUNITED PARCEL SERVICE, INC. COMMON STOCKStock",,0.00,0.00,0,Sale,https://www.quiverquant.com/congresstrading/politician/Marjorie%20Taylor%20Greene-G000596,,2026-05-27T07:26:53.389Z
quiverquant,"ADBEADOBE INC. - COMMON STOCKStock - Sale - Sep 27, 2025",ADBEADOBE INC. - COMMON STOCKStock,,0.00,0.00,0,Sale,https://www.quiverquant.com/congresstrading/politician/Marjorie%20Taylor%20Greene-G000596,,2026-05-27T07:26:53.399Z
quiverquant,"AMGNAMGEN INC. - COMMON STOCKStock - Sale - Sep 27, 2025",AMGNAMGEN INC. - COMMON STOCKStock,,0.00,0.00,0,Sale,https://www.quiverquant.com/congresstrading/politician/Marjorie%20Taylor%20Greene-G000596,,2026-05-27T07:26:53.410Z
quiverquant,"ASMLASML HOLDING N.V. - NEW YORK REGISTRY SHARESStock - Sale - Sep 27, 2025",ASMLASML HOLDING N.V. - NEW YORK REGISTRY SHARESStock,,0.00,0.00,0,Sale,https://www.quiverquant.com/congresstrading/politician/Marjorie%20Taylor%20Greene-G000596,,2026-05-27T07:26:53.420Z
quiverquant,"CRWDCROWDSTRIKE HOLDINGS, INC. - CLASS A COMMON STOCKStock - Sale - Sep 27, 2025","CRWDCROWDSTRIKE HOLDINGS, INC. - CLASS A COMMON STOCKStock",,0.00,0.00,0,Sale,https://www.quiverquant.com/congresstrading/politician/Marjorie%20Taylor%20Greene-G000596,,2026-05-27T07:26:53.430Z
quiverquant,"DLRDIGITAL REALTY TRUST, INC. COMMON STOCKStock - Sale - Sep 27, 2025","DLRDIGITAL REALTY TRUST, INC. COMMON STOCKStock",,0.00,0.00,0,Sale,https://www.quiverquant.com/congresstrading/politician/Marjorie%20Taylor%20Greene-G000596,,2026-05-27T07:26:53.440Z
quiverquant,"DUKDUKE ENERGY CORPORATIONStock - Sale - Sep 27, 2025",DUKDUKE ENERGY CORPORATIONStock,,0.00,0.00,0,Sale,https://www.quiverquant.com/congresstrading/politician/Marjorie%20Taylor%20Greene-G000596,,2026-05-27T07:26:53.451Z
quiverquant,"GOOGALPHABET INC. - CLASS C CAPITAL STOCKStock - Sale - Sep 27, 2025",GOOGALPHABET INC. - CLASS C CAPITAL STOCKStock,,0.00,0.00,0,Sale,https://www.quiverquant.com/congresstrading/politician/Marjorie%20Taylor%20Greene-G000596,,2026-05-27T07:26:53.462Z
quiverquant,"GSGOLDMAN SACHS GROUP, INC.Stock - Sale - Sep 27, 2025","GSGOLDMAN SACHS GROUP, INC.Stock",,0.00,0.00,0,Sale,https://www.quiverquant.com/congresstrading/politician/Marjorie%20Taylor%20Greene-G000596,,2026-05-27T07:26:53.473Z
quiverquant,"IBITISHARES BITCOIN TRUST ETF - ISHARES BITCOIN TRUST ETFStock - Sale - Sep 27, 2025",IBITISHARES BITCOIN TRUST ETF - ISHARES BITCOIN TRUST ETFStock,,0.00,0.00,0,Sale,https://www.quiverquant.com/congresstrading/politician/Marjorie%20Taylor%20Greene-G000596,,2026-05-27T07:26:53.483Z
quiverquant,"MSMORGAN STANLEY COMMON STOCKStock - Sale - Sep 27, 2025",MSMORGAN STANLEY COMMON STOCKStock,,0.00,0.00,0,Sale,https://www.quiverquant.com/congresstrading/politician/Marjorie%20Taylor%20Greene-G000596,,2026-05-27T07:26:53.495Z
quiverquant,"EXCEXELON CORPORATIONStock - Sale - Aug 29, 2025",EXCEXELON CORPORATIONStock,,0.00,0.00,0,Sale,https://www.quiverquant.com/congresstrading/politician/Marjorie%20Taylor%20Greene-G000596,,2026-05-27T07:26:53.508Z
quiverquant,"FDXFEDEX CORPORATION COMMON STOCKStock - Sale - Aug 29, 2025",FDXFEDEX CORPORATION COMMON STOCKStock,,0.00,0.00,0,Sale,https://www.quiverquant.com/congresstrading/politician/Marjorie%20Taylor%20Greene-G000596,,2026-05-27T07:26:53.519Z
quiverquant,"GOOGALPHABET INC. - CLASS C CAPITAL STOCKStock - Sale - Aug 29, 2025",GOOGALPHABET INC. - CLASS C CAPITAL STOCKStock,,0.00,0.00,0,Sale,https://www.quiverquant.com/congresstrading/politician/Marjorie%20Taylor%20Greene-G000596,,2026-05-27T07:26:53.530Z
quiverquant,"MELIMERCADOLIBRE, INC. - COMMON STOCKStock - Sale - Aug 29, 2025","MELIMERCADOLIBRE, INC. - COMMON STOCKStock",,0.00,0.00,0,Sale,https://www.quiverquant.com/congresstrading/politician/Marjorie%20Taylor%20Greene-G000596,,2026-05-27T07:26:53.540Z
quiverquant,"MRKMERCK & COMPANY, INC. COMMON STOCKStock - Sale - Aug 29, 2025","MRKMERCK & COMPANY, INC. COMMON STOCKStock",,0.00,0.00,0,Sale,https://www.quiverquant.com/congresstrading/politician/Marjorie%20Taylor%20Greene-G000596,,2026-05-27T07:26:53.551Z
quiverquant,"MSMORGAN STANLEY COMMON STOCKStock - Sale - Aug 29, 2025",MSMORGAN STANLEY COMMON STOCKStock,,0.00,0.00,0,Sale,https://www.quiverquant.com/congresstrading/politician/Marjorie%20Taylor%20Greene-G000596,,2026-05-27T07:26:53.561Z
quiverquant,"NVONOVO NORDISK A/S COMMON STOCKStock - Sale - Aug 29, 2025",NVONOVO NORDISK A/S COMMON STOCKStock,,0.00,0.00,0,Sale,https://www.quiverquant.com/congresstrading/politician/Marjorie%20Taylor%20Greene-G000596,,2026-05-27T07:26:53.571Z
quiverquant,"PEPPEPSICO, INC.Stock - Sale - Aug 29, 2025","PEPPEPSICO, INC.Stock",,0.00,0.00,0,Sale,https://www.quiverquant.com/congresstrading/politician/Marjorie%20Taylor%20Greene-G000596,,2026-05-27T07:26:53.581Z
quiverquant,"RHPRYMAN HOSPITALITY PROPERTIES, INC.Stock - Sale - Aug 29, 2025","RHPRYMAN HOSPITALITY PROPERTIES, INC.Stock",,0.00,0.00,0,Sale,https://www.quiverquant.com/congresstrading/politician/Marjorie%20Taylor%20Greene-G000596,,2026-05-27T07:26:53.591Z
quiverquant,"SOSOUTHERN COMPANYStock - Sale - Aug 29, 2025",SOSOUTHERN COMPANYStock,,0.00,0.00,0,Sale,https://www.quiverquant.com/congresstrading/politician/Marjorie%20Taylor%20Greene-G000596,,2026-05-27T07:26:53.602Z
quiverquant,"UNHUNITEDHEALTH GROUP INCORPORATED COMMON STOCKStock - Sale - Aug 29, 2025",UNHUNITEDHEALTH GROUP INCORPORATED COMMON STOCKStock,,0.00,0.00,0,Sale,https://www.quiverquant.com/congresstrading/politician/Marjorie%20Taylor%20Greene-G000596,,2026-05-27T07:26:53.613Z
quiverquant,"UPSUNITED PARCEL SERVICE, INC. COMMON STOCKStock - Sale - Aug 29, 2025","UPSUNITED PARCEL SERVICE, INC. COMMON STOCKStock",,0.00,0.00,0,Sale,https://www.quiverquant.com/congresstrading/politician/Marjorie%20Taylor%20Greene-G000596,,2026-05-27T07:26:53.625Z
quiverquant,"NVONOVO NORDISK A/S COMMON STOCKStock - Sale - Aug 20, 2025",NVONOVO NORDISK A/S COMMON STOCKStock,,0.00,0.00,0,Sale,https://www.quiverquant.com/congresstrading/politician/Marjorie%20Taylor%20Greene-G000596,,2026-05-27T07:26:53.638Z
quiverquant,"FIGFIGOther - Sale - Aug 15, 2025",FIGFIGOther,,0.00,0.00,0,Sale,https://www.quiverquant.com/congresstrading/politician/Marjorie%20Taylor%20Greene-G000596,,2026-05-27T07:26:53.649Z
quiverquant,"ABBVABBVIE INC. COMMON STOCKStock - Sale - Aug 15, 2025",ABBVABBVIE INC. COMMON STOCKStock,,0.00,0.00,0,Sale,https://www.quiverquant.com/congresstrading/politician/Marjorie%20Taylor%20Greene-G000596,,2026-05-27T07:26:53.660Z
quiverquant,"UNHUNITEDHEALTH GROUP INCORPORATED COMMON STOCKStock - Sale - Aug 15, 2025",UNHUNITEDHEALTH GROUP INCORPORATED COMMON STOCKStock,,0.00,0.00,0,Sale,https://www.quiverquant.com/congresstrading/politician/Marjorie%20Taylor%20Greene-G000596,,2026-05-27T07:26:53.670Z
quiverquant,"UPSUNITED PARCEL SERVICE, INC. COMMON STOCKStock - Sale - Aug 15, 2025","UPSUNITED PARCEL SERVICE, INC. COMMON STOCKStock",,0.00,0.00,0,Sale,https://www.quiverquant.com/congresstrading/politician/Marjorie%20Taylor%20Greene-G000596,,2026-05-27T07:26:53.681Z
quiverquant,"PEPPEPSICO, INC.Stock - Sale - Jul 22, 2025","PEPPEPSICO, INC.Stock",,0.00,0.00,0,Sale,https://www.quiverquant.com/congresstrading/politician/Marjorie%20Taylor%20Greene-G000596,,2026-05-27T07:26:53.695Z
quiverquant,"PLTRPALANTIR TECHNOLOGIES INC. - CLASS A COMMON STOCKStock - Sale - Jul 22, 2025",PLTRPALANTIR TECHNOLOGIES INC. - CLASS A COMMON STOCKStock,,0.00,0.00,0,Sale,https://www.quiverquant.com/congresstrading/politician/Marjorie%20Taylor%20Greene-G000596,,2026-05-27T07:26:53.705Z
quiverquant,"LULULULULEMON ATHLETICA INC. - COMMON STOCKStock - Sale - Jun 23, 2025",LULULULULEMON ATHLETICA INC. - COMMON STOCKStock,,0.00,0.00,0,Sale,https://www.quiverquant.com/congresstrading/politician/Marjorie%20Taylor%20Greene-G000596,,2026-05-27T07:26:53.726Z
quiverquant,"SNOWSNOWFLAKE INC. CLASS A COMMON STOCKStock - Sale - Jun 23, 2025",SNOWSNOWFLAKE INC. CLASS A COMMON STOCKStock,,0.00,0.00,0,Sale,https://www.quiverquant.com/congresstrading/politician/Marjorie%20Taylor%20Greene-G000596,,2026-05-27T07:26:53.736Z
quiverquant,"TSCOTRACTOR SUPPLY COMPANY - COMMON STOCKStock - Sale - Jun 23, 2025",TSCOTRACTOR SUPPLY COMPANY - COMMON STOCKStock,,0.00,0.00,0,Sale,https://www.quiverquant.com/congresstrading/politician/Marjorie%20Taylor%20Greene-G000596,,2026-05-27T07:26:53.747Z
quiverquant,"ADBEADOBE INC. - COMMON STOCKStock - Sale - Jun 18, 2025",ADBEADOBE INC. - COMMON STOCKStock,,0.00,0.00,0,Sale,https://www.quiverquant.com/congresstrading/politician/Marjorie%20Taylor%20Greene-G000596,,2026-05-27T07:26:53.761Z
quiverquant,"AMATAPPLIED MATERIALS, INC. - COMMON STOCKStock - Sale - Jun 18, 2025","AMATAPPLIED MATERIALS, INC. - COMMON STOCKStock",,0.00,0.00,0,Sale,https://www.quiverquant.com/congresstrading/politician/Marjorie%20Taylor%20Greene-G000596,,2026-05-27T07:26:53.772Z
quiverquant,"GILDGILEAD SCIENCES, INC. - COMMON STOCKStock - Sale - Jun 18, 2025","GILDGILEAD SCIENCES, INC. - COMMON STOCKStock",,0.00,0.00,0,Sale,https://www.quiverquant.com/congresstrading/politician/Marjorie%20Taylor%20Greene-G000596,,2026-05-27T07:26:53.783Z
quiverquant,"NEENEXTERA ENERGY, INC. COMMON STOCKStock - Sale - Jun 18, 2025","NEENEXTERA ENERGY, INC. COMMON STOCKStock",,0.00,0.00,0,Sale,https://www.quiverquant.com/congresstrading/politician/Marjorie%20Taylor%20Greene-G000596,,2026-05-27T07:26:53.793Z
quiverquant,"NFLXNETFLIX, INC. - COMMON STOCKStock - Sale - Jun 18, 2025","NFLXNETFLIX, INC. - COMMON STOCKStock",,0.00,0.00,0,Sale,https://www.quiverquant.com/congresstrading/politician/Marjorie%20Taylor%20Greene-G000596,,2026-05-27T07:26:53.803Z
quiverquant,"NOWSERVICENOW, INC. COMMON STOCKStock - Sale - Jun 18, 2025","NOWSERVICENOW, INC. COMMON STOCKStock",,0.00,0.00,0,Sale,https://www.quiverquant.com/congresstrading/politician/Marjorie%20Taylor%20Greene-G000596,,2026-05-27T07:26:53.813Z
quiverquant,"SNOWSNOWFLAKE INC. CLASS A COMMON STOCKStock - Sale - Jun 18, 2025",SNOWSNOWFLAKE INC. CLASS A COMMON STOCKStock,,0.00,0.00,0,Sale,https://www.quiverquant.com/congresstrading/politician/Marjorie%20Taylor%20Greene-G000596,,2026-05-27T07:26:53.823Z
quiverquant,"UNHUNITEDHEALTH GROUP INCORPORATED COMMON STOCKStock - Sale - May 19, 2025",UNHUNITEDHEALTH GROUP INCORPORATED COMMON STOCKStock,,0.00,0.00,0,Sale,https://www.quiverquant.com/congresstrading/politician/Marjorie%20Taylor%20Greene-G000596,,2026-05-27T07:26:53.833Z
quiverquant,"AMDADVANCED MICRO DEVICES, INC.Stock - Sale - May 19, 2025","AMDADVANCED MICRO DEVICES, INC.Stock",,0.00,0.00,0,Sale,https://www.quiverquant.com/congresstrading/politician/Marjorie%20Taylor%20Greene-G000596,,2026-05-27T07:26:53.846Z
quiverquant,"AMGNAMGEN INC. - COMMON STOCKStock - Sale - May 19, 2025",AMGNAMGEN INC. - COMMON STOCKStock,,0.00,0.00,0,Sale,https://www.quiverquant.com/congresstrading/politician/Marjorie%20Taylor%20Greene-G000596,,2026-05-27T07:26:53.858Z
quiverquant,"BXBLACKSTONE INC. COMMON STOCKStock - Sale - May 19, 2025",BXBLACKSTONE INC. COMMON STOCKStock,,0.00,0.00,0,Sale,https://www.quiverquant.com/congresstrading/politician/Marjorie%20Taylor%20Greene-G000596,,2026-05-27T07:26:53.868Z
quiverquant,"CAHCARDINAL HEALTH, INC. COMMON STOCKStock - Sale - May 19, 2025","CAHCARDINAL HEALTH, INC. COMMON STOCKStock",,0.00,0.00,0,Sale,https://www.quiverquant.com/congresstrading/politician/Marjorie%20Taylor%20Greene-G000596,,2026-05-27T07:26:53.879Z
quiverquant,"CVXCHEVRON CORPORATION COMMON STOCKStock - Sale - May 19, 2025",CVXCHEVRON CORPORATION COMMON STOCKStock,,0.00,0.00,0,Sale,https://www.quiverquant.com/congresstrading/politician/Marjorie%20Taylor%20Greene-G000596,,2026-05-27T07:26:53.888Z
quiverquant,"GLWCORNING INCORPORATED COMMON STOCKStock - Sale - May 19, 2025",GLWCORNING INCORPORATED COMMON STOCKStock,,0.00,0.00,0,Sale,https://www.quiverquant.com/congresstrading/politician/Marjorie%20Taylor%20Greene-G000596,,2026-05-27T07:26:53.898Z
quiverquant,"GOOGALPHABET INC. - CLASS C CAPITAL STOCKStock - Sale - May 19, 2025",GOOGALPHABET INC. - CLASS C CAPITAL STOCKStock,,0.00,0.00,0,Sale,https://www.quiverquant.com/congresstrading/politician/Marjorie%20Taylor%20Greene-G000596,,2026-05-27T07:26:53.909Z
quiverquant,"HSYTHE HERSHEY COMPANY COMMON STOCKStock - Sale - May 19, 2025",HSYTHE HERSHEY COMPANY COMMON STOCKStock,,0.00,0.00,0,Sale,https://www.quiverquant.com/congresstrading/politician/Marjorie%20Taylor%20Greene-G000596,,2026-05-27T07:26:53.919Z
quiverquant,"LLYELI LILLY AND COMPANY COMMON STOCKStock - Sale - May 19, 2025",LLYELI LILLY AND COMPANY COMMON STOCKStock,,0.00,0.00,0,Sale,https://www.quiverquant.com/congresstrading/politician/Marjorie%20Taylor%20Greene-G000596,,2026-05-27T07:26:53.929Z
quiverquant,"MELIMERCADOLIBRE, INC. - COMMON STOCKStock - Sale - May 19, 2025","MELIMERCADOLIBRE, INC. - COMMON STOCKStock",,0.00,0.00,0,Sale,https://www.quiverquant.com/congresstrading/politician/Marjorie%20Taylor%20Greene-G000596,,2026-05-27T07:26:53.939Z
quiverquant,"METAMETA PLATFORMS, INC. - CLASS A COMMON STOCKStock - Sale - May 19, 2025","METAMETA PLATFORMS, INC. - CLASS A COMMON STOCKStock",,0.00,0.00,0,Sale,https://www.quiverquant.com/congresstrading/politician/Marjorie%20Taylor%20Greene-G000596,,2026-05-27T07:26:53.949Z
quiverquant,"MSMORGAN STANLEY COMMON STOCKStock - Sale - May 19, 2025",MSMORGAN STANLEY COMMON STOCKStock,,0.00,0.00,0,Sale,https://www.quiverquant.com/congresstrading/politician/Marjorie%20Taylor%20Greene-G000596,,2026-05-27T07:26:53.959Z
quiverquant,"NFLXNETFLIX, INC. - COMMON STOCKStock - Sale - May 19, 2025","NFLXNETFLIX, INC. - COMMON STOCKStock",,0.00,0.00,0,Sale,https://www.quiverquant.com/congresstrading/politician/Marjorie%20Taylor%20Greene-G000596,,2026-05-27T07:26:53.970Z
quiverquant,"NOWSERVICENOW, INC. COMMON STOCKStock - Sale - May 19, 2025","NOWSERVICENOW, INC. COMMON STOCKStock",,0.00,0.00,0,Sale,https://www.quiverquant.com/congresstrading/politician/Marjorie%20Taylor%20Greene-G000596,,2026-05-27T07:26:53.980Z
quiverquant,"NVDANVIDIA CORPORATION - COMMON STOCKStock - Sale - May 19, 2025",NVDANVIDIA CORPORATION - COMMON STOCKStock,,0.00,0.00,0,Sale,https://www.quiverquant.com/congresstrading/politician/Marjorie%20Taylor%20Greene-G000596,,2026-05-27T07:26:53.990Z
quiverquant,"PIIMPINJ, INC. - COMMON STOCKStock - Sale - May 19, 2025","PIIMPINJ, INC. - COMMON STOCKStock",,0.00,0.00,0,Sale,https://www.quiverquant.com/congresstrading/politician/Marjorie%20Taylor%20Greene-G000596,,2026-05-27T07:26:54.000Z
quiverquant,"TSLATESLA, INC. - COMMON STOCKStock - Sale - May 19, 2025","TSLATESLA, INC. - COMMON STOCKStock",,0.00,0.00,0,Sale,https://www.quiverquant.com/congresstrading/politician/Marjorie%20Taylor%20Greene-G000596,,2026-05-27T07:26:54.010Z
quiverquant,"UNHUNITEDHEALTH GROUP INCORPORATED COMMON STOCKStock - Sale - May 19, 2025",UNHUNITEDHEALTH GROUP INCORPORATED COMMON STOCKStock,,0.00,0.00,0,Sale,https://www.quiverquant.com/congresstrading/politician/Marjorie%20Taylor%20Greene-G000596,,2026-05-27T07:26:54.020Z
quiverquant,"AAPLAPPLE INC. - COMMON STOCKStock - Sale - May 6, 2025",AAPLAPPLE INC. - COMMON STOCKStock,,0.00,0.00,0,Sale,https://www.quiverquant.com/congresstrading/politician/Marjorie%20Taylor%20Greene-G000596,,2026-05-27T07:26:54.034Z
quiverquant,"ABBVABBVIE INC. COMMON STOCKStock - Sale - May 6, 2025",ABBVABBVIE INC. COMMON STOCKStock,,0.00,0.00,0,Sale,https://www.quiverquant.com/congresstrading/politician/Marjorie%20Taylor%20Greene-G000596,,2026-05-27T07:26:54.045Z
quiverquant,"ADBEADOBE INC. - COMMON STOCKStock - Sale - May 6, 2025",ADBEADOBE INC. - COMMON STOCKStock,,0.00,0.00,0,Sale,https://www.quiverquant.com/congresstrading/politician/Marjorie%20Taylor%20Greene-G000596,,2026-05-27T07:26:54.055Z